dt,location,fips,cases_total,deaths_total,hospital_beds_capacity_count,hospital_beds_in_use_any,hospital_beds_in_use_covid_total,icu_beds_capacity_count,icu_beds_in_use_any,negative_tests_total,num_hospitals_reporting,num_of_hospitals,positive_tests_total,tests_total,state_name,county_name,area,latitude,longitude,Fraction of population over 65,Mean household income,Mean travel time to work (minutes),Median age,Median household income,Percent Asian,Percent Hispanic/Latino (any race),Percent Native American or Alaska Native,Percent Native Hawaiian or other Pacific Islander,Percent black,Percent of 16+ commute carpool,Percent of 16+ commute driving alone,Percent of 16+ commute other way,Percent of 16+ commute public transit,Percent of 16+ commute walk,Percent of 16+ commute work at home,Percent of 25+ with Associate degree,Percent of 25+ with Associate's degree,Percent of 25+ with Bachelor degree,Percent of 25+ with Bachelor's degree,Percent of 25+ with HS degree but no college,Percent of 25+ with less than 9th grade education,Percent of 25+ with professional degree,Percent of 25+ with some HS but no HS degree,Percent of 25+ with some college but no degree,Percent of civilian population with health insurance,Percent of civilian population with no health insurance,Percent of families w/ income < poverty lvl in last year,Percent other race,Percent two or more races,Percent white,Total population
2020-09-15,29001,29001,294.0,0.0,,,,,,,,,,,Missouri,Adair,567.3431400000001,40.190666,-92.60359,14.0,55584.0,16.0,27.0,40046.0,2.0,1.0,0.0,0.0,3.0,12.0,77.0,1.0,0.0,3.0,4.0,,7.0,,14.0,35.0,3.0,15.0,6.0,17.0,91.0,8.0,11.0,0.0,2.0,91.0,25325.0
2020-09-15,29003,29003,189.0,1.0,,,,,,,,,,,Missouri,Andrew,432.64597000000003,39.988859999999995,-94.80355,18.0,70526.0,23.0,42.0,55683.0,0.0,2.0,0.0,0.0,2.0,6.0,87.0,0.0,0.0,2.0,2.0,,7.0,,15.0,38.0,2.0,8.0,5.0,22.0,92.0,7.0,6.0,0.0,1.0,95.0,17403.0
2020-09-15,29005,29005,41.0,0.0,,,,,,,,,,,Missouri,Atchison,547.304,40.431847,-95.43755,25.0,60781.0,17.0,48.0,48385.0,0.0,1.0,0.0,0.0,0.0,10.0,80.0,1.0,0.0,3.0,4.0,,7.0,,16.0,39.0,3.0,6.0,6.0,21.0,91.0,8.0,6.0,0.0,0.0,97.0,5270.0
2020-09-15,29007,29007,372.0,2.0,,,,,,,,,,,Missouri,Audrain,692.2684,39.21448,-91.84342,17.0,57969.0,21.0,39.0,43761.0,0.0,3.0,0.0,0.0,6.0,8.0,81.0,1.0,0.0,2.0,5.0,,6.0,,9.0,46.0,4.0,5.0,10.0,17.0,90.0,10.0,10.0,0.0,3.0,89.0,25735.0
2020-09-15,29009,29009,411.0,5.0,,,,,,,,,,,Missouri,Barry,778.1011,36.699375,-93.834335,19.0,56640.0,21.0,43.0,41463.0,1.0,9.0,0.0,0.0,0.0,10.0,80.0,1.0,0.0,2.0,5.0,,6.0,,10.0,40.0,5.0,4.0,11.0,20.0,84.0,15.0,14.0,1.0,3.0,93.0,35493.0
2020-09-15,29011,29011,153.0,0.0,,,,,,,,,,,Missouri,Barton,592.0503,37.500797,-94.344086,19.0,62378.0,23.0,41.0,41625.0,0.0,2.0,1.0,0.0,0.0,6.0,83.0,1.0,0.0,2.0,5.0,,5.0,,12.0,42.0,5.0,5.0,7.0,21.0,90.0,9.0,15.0,0.0,3.0,94.0,11850.0
2020-09-15,29013,29013,84.0,1.0,,,,,,,,,,,Missouri,Bates,836.7231400000001,38.257217,-94.33925,19.0,65596.0,30.0,41.0,46186.0,0.0,2.0,0.0,0.0,1.0,11.0,74.0,1.0,0.0,3.0,8.0,,6.0,,9.0,46.0,3.0,5.0,9.0,19.0,90.0,9.0,8.0,0.0,1.0,95.0,16374.0
2020-09-15,29015,29015,188.0,2.0,,,,,,,,,,,Missouri,Benton,704.06665,38.301037,-93.28794,29.0,54881.0,27.0,53.0,38028.0,0.0,2.0,1.0,0.0,0.0,14.0,75.0,1.0,0.0,2.0,6.0,,7.0,,8.0,40.0,4.0,5.0,9.0,23.0,87.0,12.0,12.0,0.0,2.0,96.0,18989.0
2020-09-15,29017,29017,263.0,1.0,,,,,,,,,,,Missouri,Bollinger,617.9252299999999,37.318428000000004,-90.02464,19.0,53616.0,31.0,44.0,42985.0,0.0,1.0,0.0,0.0,0.0,18.0,68.0,1.0,1.0,4.0,6.0,,4.0,,6.0,46.0,7.0,2.0,13.0,18.0,89.0,10.0,12.0,0.0,0.0,97.0,12281.0
2020-09-15,29019,29019,4182.0,6.0,,,,,,,,,,,Missouri,Boone,685.5742,38.98986,-92.3102,11.6,73971.5,17.9,30.2,54199.5,4.35,3.25,0.25,0.0,8.55,11.2,77.45,1.4,1.0,3.35,4.1,7.3,7.0,26.0,25.0,20.0,1.25,21.2,3.65,19.8,92.85,7.15,8.5,0.6,4.1,81.15,178260.0
2020-09-15,29021,29021,1591.0,13.0,,,,,,,,,,,Missouri,Buchanan,408.25818,39.66037,-94.808174,16.0,64690.0,16.7,38.1,52738.5,0.95,6.45,0.15,0.0,5.15,9.65,84.0,0.8,0.3,1.3,1.85,5.6,6.0,15.9,13.0,37.45,2.5,6.5,9.1,23.2,88.0,11.5,11.05,1.45,3.85,87.0,88823.5
2020-09-15,29023,29023,492.0,4.0,,,,,,,,,,,Missouri,Butler,694.6939,36.71518,-90.40313,18.0,53525.0,17.0,40.0,39058.0,0.0,2.0,0.0,0.0,5.0,10.0,81.0,1.0,1.0,2.0,3.0,,9.0,,8.0,36.0,5.0,5.0,11.0,23.0,87.0,12.0,16.0,0.0,2.0,90.0,42733.0
2020-09-15,29025,29025,60.0,1.0,,,,,,,,,,,Missouri,Caldwell,426.40665,39.658997,-93.97918,19.0,58141.0,33.0,42.0,48033.0,0.0,2.0,0.0,0.0,0.0,10.0,81.0,0.0,0.0,2.0,4.0,,7.0,,13.0,43.0,2.0,4.0,6.0,21.0,91.0,8.0,9.0,0.0,2.0,96.0,9049.0
2020-09-15,29027,29027,532.0,2.0,,,,,,,,,,,Missouri,Callaway,834.5952,38.83555,-91.92345,15.0,65892.0,23.0,38.0,55376.0,0.0,2.0,0.0,0.0,4.0,10.0,83.0,2.0,0.0,0.0,3.0,,6.0,,14.0,37.0,3.0,7.0,10.0,19.0,90.0,9.0,9.0,0.0,1.0,91.0,44840.0
2020-09-15,29029,29029,722.0,10.0,,,,,,,,,,,Missouri,Camden,656.0653,38.026527,-92.76533,27.0,70165.0,23.0,51.0,52087.0,0.0,2.0,0.0,0.0,0.0,11.0,81.0,1.0,0.0,1.0,5.0,,8.0,,13.0,37.0,2.0,8.0,8.0,20.0,86.0,13.0,11.0,0.0,1.0,96.0,45096.0
2020-09-15,29031,29031,1339.0,9.0,,,,,,,,,,,Missouri,Cape Girardeau,578.5607,37.38414,-89.68565,16.2,65313.0,19.4,36.0,50787.0,1.55,2.2,0.1,0.0,6.6,10.95,82.2,0.6,0.75,1.9,2.65,5.9,6.0,19.3,19.0,32.1,3.85,11.55,5.9,20.55,91.55,7.95,8.85,0.1,2.75,87.4,78538.5
2020-09-15,29033,29033,128.0,1.0,,,,,,,,,,,Missouri,Carroll,694.6453,39.427376,-93.50023,20.0,59785.0,25.0,43.0,42149.0,0.0,1.0,0.0,0.0,2.0,8.0,78.0,1.0,0.0,1.0,9.0,,6.0,,11.0,45.0,3.0,5.0,9.0,17.0,89.0,10.0,11.0,0.0,1.0,95.0,8843.0
2020-09-15,29035,29035,53.0,1.0,,,,,,,,,,,Missouri,Carter,507.37573,36.94486,-90.9457,19.0,55662.0,28.0,41.0,39415.0,0.0,2.0,1.0,0.0,0.0,7.0,75.0,2.0,0.0,3.0,10.0,,6.0,,11.0,37.0,3.0,5.0,13.0,23.0,83.0,17.0,12.0,0.0,3.0,95.0,6197.0
2020-09-15,29037,29037,1288.0,16.0,,,,,,,,,,,Missouri,Cass,696.6382,38.646473,-94.354546,16.55,82836.0,28.5,40.0,69386.5,0.35,4.25,0.25,0.05,3.45,8.45,85.3,0.1,0.0,0.35,4.35,7.8,8.0,18.0,17.0,33.0,2.2,8.95,4.55,24.9,91.6,7.9,6.85,0.15,2.55,91.2,103816.0
2020-09-15,29039,29039,70.0,0.0,,,,,,,,,,,Missouri,Cedar,474.48584000000005,37.733654,-93.85001,23.0,53359.0,25.0,44.0,39412.0,0.0,2.0,0.0,0.0,0.0,7.0,82.0,0.0,0.0,2.0,7.0,,6.0,,9.0,40.0,6.0,5.0,9.0,22.0,83.0,16.0,12.0,0.0,2.0,96.0,13938.0
2020-09-15,29041,29041,42.0,0.0,,,,,,,,,,,Missouri,Chariton,751.2035,39.517967,-92.961624,23.0,61690.0,24.0,45.0,46992.0,0.0,0.0,0.0,0.0,2.0,11.0,78.0,1.0,0.0,1.0,7.0,,7.0,,12.0,48.0,2.0,6.0,7.0,15.0,92.0,7.0,7.0,0.0,1.0,95.0,7546.0
2020-09-15,29043,29043,1068.0,3.0,,,,,,,,,,,Missouri,Christian,562.6669,36.969738,-93.187614,15.2,70821.0,25.75,37.6,56868.0,0.25,2.5,0.55,0.0,1.1,8.4,84.8,1.6,0.0,0.9,3.75,9.5,9.0,16.4,18.0,28.85,2.1,10.65,5.1,25.85,91.1,8.4,5.8,0.0,1.85,94.75,85629.0
2020-09-15,29045,29045,55.0,0.0,,,,,,,,,,,Missouri,Clark,504.62363,40.407276,-91.72946999999999,20.0,64851.0,26.0,43.0,47955.0,0.0,0.0,0.0,0.0,0.0,7.0,79.0,2.0,0.0,4.0,6.0,,9.0,,8.0,44.0,5.0,4.0,9.0,18.0,84.0,15.0,8.0,0.0,1.0,97.0,6800.0
2020-09-15,29047,29047,1642.0,39.0,,,,,,,,,,,Missouri,Clay,397.6789,39.31555,-94.4215,13.55,85878.5,23.3,37.15,68318.0,1.9,6.5,0.25,0.15,6.3,8.95,82.2,1.25,0.4,1.3,4.9,8.2,8.0,22.2,22.0,27.35,2.45,10.65,4.55,23.35,92.05,7.45,4.7,1.2,3.6,85.05,242764.5
2020-09-15,29049,29049,185.0,0.0,,,,,,,,,,,Missouri,Clinton,418.9717,39.608723,-94.39580500000001,17.0,69879.0,31.0,40.0,58510.0,0.0,2.0,1.0,0.0,1.0,10.0,82.0,0.0,0.0,0.0,4.0,,8.0,,14.0,39.0,1.0,5.0,6.0,24.0,92.0,7.0,9.0,0.0,1.0,95.0,20475.0
2020-09-15,29051,29051,1233.0,7.0,,,,,,,,,,,Missouri,Cole,391.5611,38.503235,-92.28003000000001,15.95,77450.0,17.65,38.55,60577.5,1.15,2.45,0.3,0.0,11.5,7.8,85.85,1.05,0.5,1.5,2.3,7.7,7.0,23.6,21.0,29.3,2.1,11.3,4.8,20.85,92.3,7.2,6.7,0.15,1.95,83.45,76768.0
2020-09-15,29053,29053,350.0,2.0,,,,,,,,,,,Missouri,Cooper,564.77234,38.845387,-92.812325,17.0,60261.0,24.0,39.0,48750.0,0.0,1.0,0.0,0.0,6.0,10.0,81.0,2.0,0.0,2.0,4.0,,7.0,,14.0,38.0,3.0,6.0,7.0,20.0,90.0,9.0,7.0,0.0,3.0,89.0,17622.0
2020-09-15,29055,29055,294.0,2.0,,,,,,,,,,,Missouri,Crawford,742.502,37.96656,-91.313934,18.0,51626.0,26.0,41.0,38036.0,0.0,1.0,0.0,0.0,0.0,12.0,80.0,0.0,0.0,1.0,4.0,,5.0,,7.0,39.0,7.0,3.0,15.0,20.0,82.0,17.0,14.0,0.0,2.0,96.0,24280.0
2020-09-15,29057,29057,44.0,0.0,,,,,,,,,,,Missouri,Dade,490.02704000000006,37.43235,-93.85488000000001,22.0,51684.0,25.0,46.0,39979.0,0.0,2.0,0.0,0.0,0.0,10.0,73.0,2.0,0.0,2.0,11.0,,6.0,,10.0,44.0,4.0,3.0,9.0,22.0,87.0,13.0,14.0,0.0,2.0,95.0,7590.0
2020-09-15,29059,29059,154.0,1.0,,,,,,,,,,,Missouri,Dallas,540.9697,37.683582,-93.03381,19.0,57995.0,29.0,43.0,41551.0,0.0,2.0,1.0,0.0,0.0,12.0,75.0,4.0,0.0,2.0,4.0,,5.0,,6.0,42.0,7.0,5.0,10.0,21.0,80.0,19.0,13.0,0.0,1.0,96.0,16499.0
2020-09-15,29061,29061,69.0,0.0,,,,,,,,,,,Missouri,Daviess,563.30115,39.962837,-93.970055,20.0,62162.0,27.0,40.0,50380.0,0.0,1.0,0.0,0.0,1.0,14.0,73.0,2.0,0.0,3.0,5.0,,7.0,,13.0,40.0,7.0,4.0,8.0,18.0,84.0,15.0,8.0,0.0,1.0,97.0,8302.0
2020-09-15,29063,29063,101.0,2.0,,,,,,,,,,,Missouri,DeKalb,421.37198,39.894665,-94.40719,16.0,62170.0,25.0,40.0,50000.0,0.0,2.0,0.0,0.0,9.0,8.0,84.0,1.0,0.0,2.0,3.0,,6.0,,11.0,45.0,2.0,3.0,9.0,20.0,92.0,7.0,10.0,0.0,3.0,85.0,12564.0
2020-09-15,29065,29065,94.0,0.0,,,,,,,,,,,Missouri,Dent,752.78625,37.603072999999995,-91.489716,21.0,54520.0,23.0,44.0,39916.0,0.0,1.0,0.0,0.0,0.0,12.0,80.0,2.0,0.0,0.0,3.0,,7.0,,9.0,40.0,7.0,5.0,11.0,18.0,83.0,16.0,14.0,0.0,2.0,95.0,15504.0
2020-09-15,29067,29067,139.0,3.0,,,,,,,,,,,Missouri,Douglas,813.65076,36.946518,-92.51589,23.0,48315.0,30.0,47.0,34372.0,0.0,1.0,0.0,0.0,0.0,12.0,77.0,1.0,0.0,3.0,4.0,,6.0,,6.0,44.0,4.0,3.0,13.0,19.0,85.0,14.0,14.0,0.0,0.0,98.0,13374.0
2020-09-15,29069,29069,647.0,6.0,,,,,,,,,,,Missouri,Dunklin,541.1168,36.306903999999996,-90.06539000000001,17.0,48090.0,20.0,39.0,34186.0,0.0,6.0,0.0,0.0,9.0,11.0,80.0,1.0,0.0,3.0,2.0,,6.0,,8.0,37.0,10.0,4.0,14.0,18.0,85.0,15.0,20.0,3.0,2.0,84.0,30428.0
2020-09-15,29071,29071,1376.0,23.0,,,,,,,,,,,Missouri,Franklin,922.6824,38.413002,-91.07283000000001,16.65,74600.0,28.7,40.2,56760.5,-500000000.0,1.4,-500000000.0,-500000000.0,-500000000.0,9.5,82.75,0.7,0.1,1.05,4.4,10.8,10.0,12.9,12.0,32.5,3.2,6.85,8.0,24.55,91.05,8.45,6.8,-500000000.0,-499999999.5,-499999952.0,103225.5
2020-09-15,29073,29073,140.0,6.0,,,,,,,,,,,Missouri,Gasconade,519.0224599999999,38.441179999999996,-91.50578,21.0,65289.0,25.0,45.0,53439.0,0.0,1.0,0.0,0.0,0.0,11.0,82.0,0.0,0.0,2.0,3.0,,8.0,,11.0,39.0,4.0,7.0,7.0,20.0,93.0,6.0,6.0,0.0,1.0,97.0,14746.0
2020-09-15,29075,29075,109.0,9.0,,,,,,,,,,,Missouri,Gentry,491.43857,40.208126,-94.40531999999999,19.0,52885.0,21.0,41.0,42689.0,0.0,1.0,0.0,0.0,0.0,13.0,78.0,0.0,0.0,4.0,2.0,,6.0,,12.0,43.0,4.0,5.0,6.0,21.0,89.0,10.0,12.0,0.0,0.0,97.0,6665.0
2020-09-15,29077,29077,4872.0,19.0,,,,,,,,,,,Missouri,Greene,675.3498,37.258194,-93.34064000000001,15.75,62099.0,19.55,36.3,44289.5,1.4,3.45,0.25,0.0,3.0,8.8,83.65,1.0,0.25,1.4,3.85,9.1,7.0,17.5,19.0,27.95,2.75,10.95,5.55,25.5,89.3,10.2,10.2,1.1,3.35,89.85,290176.0
2020-09-15,29079,29079,141.0,2.0,,,,,,,,,,,Missouri,Grundy,435.3069,40.11254,-93.56505600000001,21.0,56412.0,17.0,40.0,42574.0,0.0,2.0,1.0,0.0,0.0,6.0,77.0,2.0,1.0,5.0,6.0,,10.0,,11.0,40.0,5.0,7.0,6.0,18.0,83.0,16.0,11.0,0.0,1.0,95.0,10039.0
2020-09-15,29081,29081,97.0,1.0,,,,,,,,,,,Missouri,Harrison,722.5414,40.345620000000004,-93.992584,21.0,49067.0,22.0,43.0,40168.0,0.0,2.0,0.0,0.0,0.0,11.0,78.0,2.0,0.0,3.0,3.0,,8.0,,10.0,45.0,6.0,5.0,6.0,17.0,86.0,13.0,15.0,1.0,1.0,96.0,8554.0
2020-09-15,29083,29083,149.0,4.0,,,,,,,,,,,Missouri,Henry,696.9683,38.38649,-93.792625,20.0,59053.0,24.0,44.0,43911.0,0.0,2.0,0.0,0.0,1.0,8.0,82.0,1.0,0.0,2.0,5.0,,6.0,,10.0,42.0,3.0,4.0,8.0,23.0,88.0,11.0,14.0,0.0,2.0,95.0,21765.0
2020-09-15,29085,29085,74.0,2.0,,,,,,,,,,,Missouri,Hickory,398.82172,37.93691,-93.32299,33.0,44594.0,32.0,55.0,36190.0,0.0,1.0,1.0,0.0,0.0,9.0,81.0,3.0,0.0,1.0,4.0,,9.0,,6.0,43.0,3.0,3.0,11.0,22.0,83.0,16.0,12.0,0.0,1.0,96.0,9368.0
2020-09-15,29087,29087,72.0,0.0,,,,,,,,,,,Missouri,Holt,462.70883,40.095721999999995,-95.21907,23.0,56027.0,22.0,48.0,45610.0,0.0,0.0,0.0,0.0,0.0,11.0,80.0,0.0,0.0,4.0,3.0,,5.0,,13.0,43.0,2.0,6.0,6.0,22.0,91.0,8.0,8.0,0.0,1.0,96.0,4456.0
2020-09-15,29089,29089,151.0,2.0,,,,,,,,,,,Missouri,Howard,463.81604000000004,39.143364,-92.69592,18.0,63071.0,23.0,39.0,50372.0,0.0,1.0,0.0,0.0,5.0,9.0,78.0,2.0,0.0,3.0,7.0,,6.0,,15.0,38.0,3.0,9.0,7.0,19.0,91.0,8.0,9.0,0.0,1.0,91.0,10113.0
2020-09-15,29091,29091,431.0,3.0,,,,,,,,,,,Missouri,Howell,927.2799699999999,36.774370000000005,-91.88736999999999,19.0,51022.0,19.0,40.0,36143.0,0.0,2.0,0.0,0.0,0.0,11.0,83.0,0.0,0.0,0.0,3.0,,9.0,,9.0,39.0,3.0,7.0,8.0,22.0,87.0,12.0,16.0,0.0,2.0,96.0,40102.0
2020-09-15,29093,29093,43.0,0.0,,,,,,,,,,,Missouri,Iron,550.28314,37.594364,-90.98468000000001,21.0,49709.0,28.0,45.0,37188.0,0.0,1.0,0.0,0.0,1.0,14.0,79.0,1.0,0.0,2.0,2.0,,7.0,,7.0,42.0,6.0,3.0,12.0,20.0,87.0,12.0,16.0,0.0,2.0,95.0,10221.0
2020-09-15,29095,29095,16859.0,176.0,,,,,,,,,,,Missouri,Jackson,604.5368,39.005337,-94.34316,14.5,73121.0,23.25,36.35,54367.0,1.4,8.55,0.15,0.15,23.15,6.8,83.3,1.2,2.0,1.25,4.45,7.7,7.0,20.1,19.0,27.85,2.75,11.3,5.85,23.8,88.55,10.95,10.15,3.45,3.35,66.8,696155.0
2020-09-15,29097,29097,3194.0,42.0,,,,,,,,,,,Missouri,Jasper,638.5279,37.205196,-94.33726,14.75,61171.0,17.5,35.95,46773.0,1.05,7.65,1.75,0.05,2.0,11.5,81.95,1.05,0.2,1.3,3.0,7.4,7.0,16.8,16.0,35.3,3.65,6.1,8.45,21.4,86.5,13.5,13.0,1.35,3.3,89.5,119937.0
2020-09-15,29099,29099,3536.0,49.0,,,,,,,,,,,Missouri,Jefferson,656.48956,38.25763,-90.54368000000001,14.55,78113.5,31.9,39.35,64138.0,0.35,1.5,0.15,0.05,0.2,7.35,87.4,0.45,0.1,0.3,2.9,11.7,11.0,14.5,13.0,31.55,2.0,6.65,7.2,25.5,91.35,8.15,6.75,0.15,1.65,95.95,223824.5
2020-09-15,29101,29101,905.0,4.0,,,,,,,,,,,Missouri,Johnson,829.28827,38.741528,-93.81187,12.0,63172.0,21.0,30.0,53056.0,1.0,4.0,0.0,0.0,4.0,8.0,80.0,1.0,0.0,4.0,5.0,,9.0,,16.0,30.0,2.0,11.0,5.0,24.0,91.0,8.0,7.0,0.0,3.0,89.0,53689.0
2020-09-15,29103,29103,46.0,0.0,,,,,,,,,,,Missouri,Knox,504.02588,40.136856,-92.146835,21.0,53762.0,23.0,44.0,40383.0,0.0,1.0,0.0,0.0,0.0,7.0,79.0,0.0,0.0,3.0,9.0,,6.0,,10.0,46.0,6.0,4.0,5.0,19.0,82.0,17.0,12.0,0.0,1.0,96.0,3951.0
2020-09-15,29105,29105,437.0,2.0,,,,,,,,,,,Missouri,Laclede,764.6562,37.6597,-92.59484,17.0,55565.0,20.0,40.0,46192.0,0.0,2.0,0.0,0.0,0.0,12.0,81.0,1.0,0.0,1.0,3.0,,8.0,,10.0,39.0,4.0,4.0,12.0,21.0,88.0,11.0,11.0,0.0,2.0,95.0,35507.0
2020-09-15,29107,29107,350.0,2.0,,,,,,,,,,,Missouri,Lafayette,628.4571,39.068707,-93.802635,18.0,69330.0,26.0,42.0,54661.0,0.0,2.0,0.0,0.0,1.0,11.0,79.0,1.0,0.0,1.0,5.0,,6.0,,12.0,43.0,3.0,7.0,6.0,20.0,91.0,8.0,9.0,0.0,2.0,94.0,32589.0
2020-09-15,29109,29109,454.0,2.0,,,,,,,,,,,Missouri,Lawrence,611.7585,37.106590000000004,-93.83055,17.0,57088.0,22.0,39.0,43373.0,0.0,7.0,0.0,0.0,0.0,11.0,79.0,3.0,0.0,1.0,4.0,,6.0,,10.0,37.0,4.0,4.0,12.0,24.0,86.0,13.0,12.0,1.0,2.0,95.0,38133.0
2020-09-15,29111,29111,69.0,2.0,,,,,,,,,,,Missouri,Lewis,505.0591,40.084559999999996,-91.728806,18.0,57820.0,24.0,40.0,47764.0,0.0,1.0,0.0,0.0,3.0,11.0,73.0,1.0,0.0,5.0,7.0,,6.0,,8.0,45.0,4.0,5.0,8.0,20.0,89.0,10.0,8.0,0.0,1.0,94.0,10027.0
2020-09-15,29113,29113,682.0,2.0,,,,,,,,,,,Missouri,Lincoln,626.5916,39.062256,-90.96291,12.0,70775.0,33.0,37.0,61628.0,0.0,2.0,0.0,0.0,1.0,9.0,86.0,1.0,0.0,0.0,3.0,,9.0,,11.0,42.0,2.0,4.0,9.0,20.0,91.0,8.0,9.0,0.0,1.0,94.0,55563.0
2020-09-15,29115,29115,52.0,1.0,,,,,,,,,,,Missouri,Linn,615.6093,39.86444,-93.10802,20.0,57034.0,20.0,42.0,43642.0,0.0,2.0,0.0,0.0,0.0,11.0,79.0,1.0,0.0,2.0,4.0,,8.0,,10.0,46.0,3.0,5.0,7.0,18.0,88.0,11.0,11.0,0.0,1.0,96.0,12186.0
2020-09-15,29117,29117,360.0,1.0,,,,,,,,,,,Missouri,Livingston,532.32074,39.778587,-93.5482,20.0,58725.0,18.0,40.0,47885.0,0.0,1.0,0.0,0.0,2.0,9.0,80.0,2.0,0.0,2.0,5.0,,10.0,,12.0,38.0,4.0,6.0,10.0,17.0,88.0,11.0,12.0,0.0,1.0,93.0,15076.0
2020-09-15,29119,29119,1017.0,10.0,,,,,,,,,,,Missouri,McDonald,539.4985,36.63022,-94.343956,14.0,54650.0,26.0,38.0,42019.0,1.0,11.0,3.0,1.0,2.0,13.0,79.0,1.0,0.0,1.0,4.0,,5.0,,7.0,40.0,10.0,4.0,13.0,18.0,80.0,19.0,15.0,1.0,2.0,87.0,22827.0
2020-09-15,29121,29121,109.0,0.0,,,,,,,,,,,Missouri,Macon,801.2348,39.829796,-92.56434,21.0,51057.0,20.0,43.0,40007.0,0.0,1.0,0.0,0.0,1.0,10.0,83.0,0.0,0.0,2.0,3.0,,7.0,,10.0,44.0,4.0,5.0,8.0,20.0,88.0,11.0,10.0,0.0,2.0,94.0,15254.0
2020-09-15,29123,29123,247.0,0.0,,,,,,,,,,,Missouri,Madison,494.40445,37.47448,-90.343414,18.0,53417.0,24.0,42.0,41322.0,0.0,2.0,0.0,0.0,1.0,15.0,78.0,1.0,0.0,0.0,3.0,,9.0,,10.0,34.0,8.0,5.0,9.0,23.0,90.0,9.0,11.0,0.0,1.0,97.0,12205.0
2020-09-15,29125,29125,62.0,0.0,,,,,,,,,,,Missouri,Maries,526.9961,38.162617,-91.9236,20.0,57199.0,31.0,45.0,44436.0,0.0,2.0,0.0,0.0,0.0,15.0,72.0,0.0,0.0,2.0,8.0,,11.0,,10.0,40.0,4.0,3.0,8.0,21.0,87.0,12.0,8.0,0.0,0.0,98.0,8884.0
2020-09-15,29127,29127,610.0,7.0,,,,,,,,,,,Missouri,Marion,436.93707,39.807536999999996,-91.63537600000001,17.0,58547.0,18.0,39.0,46762.0,0.0,1.0,0.0,0.0,4.0,8.0,83.0,0.0,0.0,2.0,4.0,,8.0,,13.0,38.0,3.0,7.0,8.0,21.0,90.0,9.0,13.0,0.0,2.0,91.0,28672.0
2020-09-15,29129,29129,28.0,0.0,,,,,,,,,,,Missouri,Mercer,453.85062,40.421413,-93.567635,20.0,55143.0,22.0,43.0,44085.0,0.0,1.0,0.0,0.0,0.0,9.0,74.0,1.0,0.0,5.0,8.0,,6.0,,10.0,46.0,4.0,7.0,5.0,18.0,82.0,17.0,6.0,0.0,1.0,96.0,3664.0
2020-09-15,29131,29131,375.0,1.0,,,,,,,,,,,Missouri,Miller,592.622,38.21668,-92.42988000000001,18.0,58260.0,27.0,40.0,42718.0,0.0,1.0,0.0,0.0,0.0,16.0,76.0,1.0,0.0,2.0,3.0,,7.0,,10.0,43.0,4.0,6.0,8.0,19.0,89.0,10.0,13.0,0.0,1.0,96.0,25049.0
2020-09-15,29133,29133,270.0,3.0,,,,,,,,,,,Missouri,Mississippi,411.59713999999997,36.826263,-89.29593,17.0,49232.0,17.0,40.0,32846.0,0.0,2.0,1.0,0.0,24.0,16.0,77.0,0.0,0.0,3.0,2.0,,3.0,,8.0,39.0,10.0,3.0,14.0,19.0,86.0,13.0,22.0,0.0,1.0,73.0,13748.0
2020-09-15,29135,29135,251.0,4.0,,,,,,,,,,,Missouri,Moniteau,415.0421,38.633038,-92.58364,15.0,64887.0,25.0,37.0,54828.0,0.0,4.0,0.0,0.0,3.0,14.0,77.0,2.0,0.0,1.0,3.0,,4.0,,14.0,42.0,7.0,4.0,8.0,18.0,84.0,15.0,8.0,1.0,1.0,92.0,15958.0
2020-09-15,29137,29137,82.0,0.0,,,,,,,,,,,Missouri,Monroe,647.6805,39.49827,-92.006454,22.0,57073.0,28.0,45.0,43973.0,0.0,1.0,0.0,0.0,3.0,10.0,81.0,1.0,0.0,1.0,5.0,,7.0,,8.0,48.0,3.0,4.0,6.0,21.0,89.0,10.0,9.0,0.0,0.0,94.0,8654.0
2020-09-15,29139,29139,68.0,1.0,,,,,,,,,,,Missouri,Montgomery,535.0652,38.935184,-91.46542,20.0,54624.0,27.0,44.0,45862.0,0.0,1.0,0.0,0.0,1.0,7.0,85.0,0.0,0.0,2.0,3.0,,7.0,,8.0,44.0,5.0,4.0,10.0,18.0,90.0,9.0,12.0,1.0,2.0,95.0,11545.0
2020-09-15,29141,29141,220.0,1.0,,,,,,,,,,,Missouri,Morgan,597.65497,38.420807,-92.87483,23.0,52625.0,25.0,46.0,37727.0,0.0,2.0,0.0,0.0,0.0,11.0,71.0,5.0,0.0,3.0,7.0,,7.0,,8.0,40.0,9.0,4.0,11.0,19.0,77.0,22.0,17.0,0.0,1.0,95.0,20137.0
2020-09-15,29143,29143,489.0,12.0,,,,,,,,,,,Missouri,New Madrid,674.8807400000001,36.59426,-89.65594499999999,18.0,48920.0,20.0,41.0,35399.0,0.0,1.0,0.0,0.0,15.0,11.0,80.0,0.0,0.0,2.0,4.0,,3.0,,7.0,44.0,6.0,5.0,15.0,17.0,83.0,16.0,19.0,0.0,2.0,81.0,17811.0
2020-09-15,29145,29145,1229.0,14.0,,,,,,,,,,,Missouri,Newton,624.77563,36.90837,-94.33504,17.0,68991.0,21.0,39.0,49023.0,1.0,5.0,2.0,1.0,1.0,10.0,81.0,1.0,0.0,1.0,5.0,,8.0,,13.0,34.0,4.0,6.0,8.0,24.0,87.0,13.0,9.0,0.0,3.0,90.0,58202.0
2020-09-15,29147,29147,578.0,1.0,,,,,,,,,,,Missouri,Nodaway,876.99396,40.361137,-94.88315,14.0,58048.0,16.0,29.0,43349.0,1.0,1.0,0.0,0.0,2.0,9.0,79.0,1.0,0.0,4.0,4.0,,5.0,,15.0,38.0,3.0,12.0,4.0,21.0,91.0,8.0,13.0,0.0,1.0,93.0,22547.0
2020-09-15,29149,29149,82.0,0.0,,,,,,,,,,,Missouri,Oregon,789.82336,36.68531,-91.401825,23.0,42088.0,22.0,46.0,32534.0,0.0,1.0,1.0,0.0,0.0,7.0,84.0,1.0,0.0,1.0,4.0,,7.0,,8.0,40.0,7.0,3.0,10.0,21.0,82.0,17.0,17.0,0.0,1.0,95.0,10699.0
2020-09-15,29151,29151,115.0,1.0,,,,,,,,,,,Missouri,Osage,606.6004,38.464252,-91.859505,16.0,67004.0,26.0,40.0,58476.0,0.0,0.0,0.0,0.0,0.0,13.0,80.0,1.0,0.0,2.0,2.0,,9.0,,14.0,43.0,4.0,4.0,5.0,17.0,94.0,5.0,2.0,0.0,0.0,97.0,13619.0
2020-09-15,29153,29153,92.0,0.0,,,,,,,,,,,Missouri,Ozark,744.9968,36.64959,-92.45855,26.0,42496.0,30.0,51.0,32601.0,0.0,1.0,0.0,0.0,0.0,11.0,77.0,0.0,0.0,5.0,5.0,,5.0,,6.0,44.0,4.0,5.0,12.0,20.0,85.0,14.0,18.0,0.0,2.0,96.0,9236.0
2020-09-15,29155,29155,434.0,9.0,,,,,,,,,,,Missouri,Pemiscot,492.63297,36.209915,-89.78594,16.0,48662.0,18.0,37.0,33390.0,0.0,2.0,0.0,0.0,27.0,8.0,87.0,0.0,0.0,2.0,1.0,,5.0,,7.0,41.0,10.0,4.0,12.0,17.0,86.0,13.0,20.0,0.0,2.0,70.0,17031.0
2020-09-15,29157,29157,533.0,4.0,,,,,,,,,,,Missouri,Perry,474.37127999999996,37.71113,-89.80212399999999,17.0,61917.0,22.0,40.0,54964.0,0.0,2.0,0.0,0.0,0.0,11.0,84.0,0.0,0.0,0.0,2.0,,6.0,,10.0,44.0,4.0,5.0,7.0,20.0,94.0,5.0,6.0,0.0,1.0,97.0,19146.0
2020-09-15,29159,29159,919.0,8.0,,,,,,,,,,,Missouri,Pettis,682.2478,38.727367,-93.28520999999999,16.0,58341.0,18.0,37.0,44382.0,0.0,8.0,0.0,0.0,3.0,8.0,83.0,0.0,0.0,1.0,4.0,,9.0,,11.0,34.0,6.0,6.0,8.0,22.0,86.0,13.0,12.0,2.0,3.0,91.0,42371.0
2020-09-15,29161,29161,353.0,1.0,,,,,,,,,,,Missouri,Phelps,671.8093,37.866325,-91.79035,15.0,60887.0,18.0,35.0,42846.0,3.0,2.0,0.0,0.0,2.0,9.0,81.0,2.0,0.0,3.0,2.0,,8.0,,16.0,29.0,4.0,13.0,7.0,20.0,91.0,8.0,14.0,0.0,1.0,90.0,44789.0
2020-09-15,29163,29163,209.0,2.0,,,,,,,,,,,Missouri,Pike,670.4616,39.33996,-91.17161,16.0,60968.0,24.0,39.0,45753.0,0.0,2.0,0.0,0.0,7.0,7.0,81.0,1.0,0.0,2.0,6.0,,4.0,,12.0,45.0,5.0,4.0,10.0,17.0,89.0,10.0,10.0,0.0,1.0,89.0,18489.0
2020-09-15,29165,29165,583.0,10.0,,,,,,,,,,,Missouri,Platte,419.80023,39.378696000000005,-94.761475,13.8,101457.0,23.45,38.05,78690.0,2.25,5.6,0.2,0.1,6.6,7.9,83.55,0.75,0.0,0.85,5.45,7.8,8.0,25.9,25.0,22.4,0.9,15.65,3.3,22.9,93.75,5.75,3.65,0.6,3.45,84.85,100904.5
2020-09-15,29167,29167,417.0,1.0,,,,,,,,,,,Missouri,Polk,635.5481599999999,37.61676,-93.40082,17.0,59516.0,24.0,37.0,44892.0,0.0,2.0,1.0,0.0,0.0,10.0,79.0,0.0,0.0,2.0,5.0,,7.0,,12.0,37.0,3.0,8.0,9.0,22.0,87.0,12.0,10.0,0.0,1.0,95.0,31549.0
2020-09-15,29169,29169,489.0,4.0,,,,,,,,,,,Missouri,Pulaski,547.1304299999999,37.824833,-92.20702,8.0,61011.0,18.0,27.0,51665.0,2.0,11.0,1.0,0.0,12.0,7.0,59.0,1.0,0.0,9.0,23.0,,11.0,,16.0,27.0,2.0,9.0,5.0,26.0,89.0,10.0,11.0,3.0,5.0,74.0,52591.0
2020-09-15,29171,29171,30.0,1.0,,,,,,,,,,,Missouri,Putnam,517.3342,40.478607000000004,-93.014534,23.0,52275.0,23.0,46.0,37367.0,0.0,0.0,0.0,0.0,0.0,16.0,74.0,0.0,0.0,1.0,6.0,,10.0,,12.0,41.0,4.0,6.0,6.0,18.0,84.0,16.0,14.0,0.0,2.0,96.0,4815.0
2020-09-15,29173,29173,137.0,0.0,,,,,,,,,,,Missouri,Ralls,469.80273,39.553455,-91.52479,20.0,66133.0,22.0,45.0,55546.0,0.0,1.0,0.0,0.0,1.0,7.0,83.0,0.0,0.0,2.0,6.0,,7.0,,8.0,49.0,4.0,4.0,6.0,18.0,90.0,9.0,8.0,0.0,0.0,96.0,10217.0
2020-09-15,29175,29175,187.0,2.0,,,,,,,,,,,Missouri,Randolph,482.72824,39.439246999999995,-92.49296,15.0,58047.0,21.0,39.0,46610.0,0.0,2.0,0.0,0.0,5.0,9.0,84.0,0.0,0.0,1.0,3.0,,11.0,,9.0,35.0,4.0,5.0,9.0,23.0,90.0,10.0,10.0,0.0,2.0,90.0,24945.0
2020-09-15,29177,29177,146.0,0.0,,,,,,,,,,,Missouri,Ray,568.8286,39.3084,-93.99574,17.0,70010.0,30.0,41.0,59857.0,0.0,2.0,0.0,0.0,1.0,10.0,84.0,0.0,0.0,1.0,3.0,,5.0,,9.0,46.0,3.0,4.0,9.0,21.0,89.0,10.0,9.0,0.0,1.0,95.0,22825.0
2020-09-15,29179,29179,27.0,0.0,,,,,,,,,,,Missouri,Reynolds,808.5047,37.366463,-90.97228,22.0,52990.0,23.0,46.0,40929.0,0.0,1.0,0.0,0.0,1.0,10.0,78.0,2.0,0.0,4.0,4.0,,8.0,,8.0,41.0,6.0,2.0,15.0,18.0,87.0,12.0,13.0,0.0,1.0,95.0,6315.0
2020-09-15,29181,29181,137.0,0.0,,,,,,,,,,,Missouri,Ripley,629.5527,36.65017,-90.87483,19.0,43514.0,26.0,42.0,33343.0,0.0,1.0,0.0,0.0,0.0,13.0,77.0,1.0,0.0,1.0,6.0,,5.0,,7.0,42.0,6.0,3.0,13.0,21.0,85.0,14.0,20.0,0.0,2.0,96.0,13693.0
2020-09-15,29183,29183,6793.0,109.0,,,,,,,,,,,Missouri,St. Charles,560.53076,38.7811,-90.67491,14.5,98923.0,25.1,38.35,81537.0,2.4,3.2,0.1,0.0,4.45,5.9,86.55,0.5,0.05,0.4,5.1,9.4,9.0,24.6,24.0,24.75,1.1,14.1,3.15,21.95,95.3,4.2,3.4,0.3,2.15,89.15,394583.5
2020-09-15,29185,29185,33.0,0.0,,,,,,,,,,,Missouri,St. Clair,675.00415,38.042229999999996,-93.77656,26.0,51632.0,28.0,49.0,38470.0,0.0,1.0,0.0,0.0,0.0,8.0,76.0,1.0,0.0,3.0,9.0,,7.0,,8.0,42.0,3.0,4.0,11.0,21.0,87.0,12.0,11.0,0.0,2.0,95.0,9383.0
2020-09-15,29186,29186,158.0,1.0,,,,,,,,,,,Missouri,Ste. Genevieve,499.17004000000003,37.885845,-90.16153,18.0,70739.0,27.0,43.0,56234.0,0.0,1.0,0.0,0.0,1.0,13.0,81.0,1.0,0.0,0.0,3.0,,9.0,,10.0,40.0,3.0,6.0,7.0,21.0,94.0,5.0,13.0,0.0,0.0,96.0,17871.0
2020-09-15,29187,29187,1748.0,7.0,,,,,,,,,,,Missouri,St. Francois,451.90227999999996,37.810707,-90.47386999999999,16.0,59780.5,24.9,39.6,46285.0,-500000000.0,1.3,-500000000.0,-500000000.0,-499999998.0,11.1,85.15,0.25,0.0,0.8,1.65,8.5,9.0,7.5,8.0,37.45,4.05,7.15,10.15,23.7,90.35,9.15,12.6,-500000000.0,-499999999.5,-499999954.0,66517.0
2020-09-15,29189,29189,21049.0,775.0,,,,,,,,,,,Missouri,St. Louis County,507.45715,38.64069,-90.446075,17.55,97706.5,23.95,40.2,66039.0,4.3,2.5,0.1,0.05,24.25,6.15,83.0,0.95,1.8,1.3,5.3,8.1,7.0,24.8,24.0,20.85,1.9,18.55,4.3,20.95,93.35,6.15,6.4,0.35,2.15,67.85,997814.5
2020-09-15,29195,29195,624.0,9.0,,,,,,,,,,,Missouri,Saline,755.5184,39.13584,-93.20416,17.0,57578.0,16.0,38.0,43201.0,0.0,9.0,0.0,1.0,4.0,12.0,79.0,1.0,0.0,2.0,3.0,,4.0,,11.0,39.0,7.0,6.0,8.0,21.0,91.0,8.0,10.0,3.0,3.0,85.0,23102.0
2020-09-15,29197,29197,22.0,0.0,,,,,,,,,,,Missouri,Schuyler,307.3155,40.469359999999995,-92.51901,19.0,51454.0,26.0,39.0,39697.0,0.0,0.0,0.0,0.0,0.0,7.0,84.0,1.0,0.0,1.0,4.0,,6.0,,6.0,46.0,6.0,5.0,7.0,21.0,82.0,17.0,9.0,0.0,2.0,97.0,4502.0
2020-09-15,29199,29199,24.0,1.0,,,,,,,,,,,Missouri,Scotland,436.522,40.447685,-92.14282,18.0,62828.0,19.0,37.0,42965.0,0.0,0.0,0.0,0.0,1.0,10.0,70.0,1.0,0.0,1.0,16.0,,7.0,,8.0,39.0,16.0,3.0,6.0,19.0,64.0,35.0,10.0,0.0,1.0,97.0,4898.0
2020-09-15,29201,29201,756.0,15.0,,,,,,,,,,,Missouri,Scott,420.00574000000006,37.047794,-89.5681,17.0,57116.0,20.0,39.0,42231.0,0.0,2.0,0.0,0.0,11.0,11.0,82.0,0.0,0.0,1.0,3.0,,6.0,,9.0,42.0,5.0,5.0,10.0,21.0,87.0,12.0,16.0,0.0,1.0,85.0,38729.0
2020-09-15,29203,29203,69.0,1.0,,,,,,,,,,,Missouri,Shannon,1003.85516,37.1525,-91.39133000000001,20.0,43558.0,25.0,45.0,32180.0,0.0,1.0,0.0,0.0,0.0,10.0,76.0,2.0,0.0,1.0,9.0,,5.0,,10.0,42.0,6.0,5.0,12.0,16.0,83.0,17.0,21.0,0.0,3.0,95.0,8246.0
2020-09-15,29205,29205,56.0,1.0,,,,,,,,,,,Missouri,Shelby,500.88043,39.79753,-92.08872,20.0,56408.0,21.0,41.0,44051.0,0.0,1.0,0.0,0.0,1.0,7.0,76.0,0.0,0.0,6.0,8.0,,6.0,,11.0,42.0,4.0,5.0,5.0,24.0,87.0,12.0,10.0,0.0,0.0,96.0,6061.0
2020-09-15,29207,29207,374.0,9.0,,,,,,,,,,,Missouri,Stoddard,823.2459,36.851555,-89.94748,19.0,53425.0,22.0,41.0,40567.0,0.0,1.0,0.0,0.0,1.0,10.0,82.0,0.0,0.0,1.0,3.0,,6.0,,9.0,40.0,7.0,4.0,12.0,20.0,88.0,11.0,10.0,0.0,1.0,97.0,29512.0
2020-09-15,29209,29209,359.0,2.0,,,,,,,,,,,Missouri,Stone,463.8969,36.751003000000004,-93.4737,29.0,65929.0,28.0,53.0,46443.0,0.0,2.0,1.0,0.0,0.0,11.0,77.0,1.0,0.0,1.0,7.0,,7.0,,13.0,33.0,2.0,5.0,10.0,28.0,90.0,9.0,8.0,0.0,1.0,96.0,31527.0
2020-09-15,29211,29211,184.0,0.0,,,,,,,,,,,Missouri,Sullivan,648.0038,40.209587,-93.10978,20.0,54781.0,16.0,42.0,42604.0,0.0,18.0,0.0,0.0,2.0,21.0,68.0,1.0,0.0,1.0,6.0,,6.0,,7.0,49.0,7.0,4.0,8.0,16.0,85.0,14.0,10.0,3.0,1.0,91.0,6317.0
2020-09-15,29213,29213,1061.0,22.0,,,,,,,,,,,Missouri,Taney,632.39197,36.649826000000004,-93.042816,20.0,53162.0,22.0,42.0,41487.0,0.0,5.0,0.0,0.0,1.0,15.0,74.0,1.0,0.0,1.0,5.0,,7.0,,12.0,34.0,2.0,6.0,8.0,28.0,83.0,17.0,12.0,2.0,2.0,92.0,54720.0
2020-09-15,29215,29215,204.0,2.0,,,,,,,,,,,Missouri,Texas,1177.3057,37.314254999999996,-91.96448000000001,20.0,49621.0,25.0,42.0,35277.0,0.0,2.0,2.0,0.0,2.0,13.0,78.0,0.0,0.0,3.0,4.0,,6.0,,9.0,39.0,3.0,4.0,12.0,23.0,83.0,16.0,16.0,0.0,1.0,93.0,25671.0
2020-09-15,29217,29217,132.0,0.0,,,,,,,,,,,Missouri,Vernon,826.4195,37.850196999999994,-94.3416,18.0,60319.0,17.0,40.0,43379.0,0.0,2.0,0.0,0.0,0.0,10.0,74.0,0.0,0.0,3.0,10.0,,8.0,,10.0,41.0,4.0,7.0,7.0,21.0,86.0,13.0,7.0,0.0,2.0,95.0,20691.0
2020-09-15,29219,29219,412.0,0.0,,,,,,,,,,,Missouri,Warren,428.62185999999997,38.7619,-91.15930999999999,17.0,73852.0,30.0,40.0,57948.0,0.0,3.0,0.0,0.0,2.0,7.0,87.0,1.0,0.0,0.0,3.0,,7.0,,12.0,38.0,3.0,6.0,8.0,23.0,91.0,8.0,9.0,1.0,2.0,93.0,33908.0
2020-09-15,29221,29221,304.0,1.0,,,,,,,,,,,Missouri,Washington,759.89185,37.942609999999995,-90.89702,15.0,50553.0,32.0,40.0,39621.0,0.0,1.0,0.0,0.0,2.0,9.0,83.0,1.0,0.0,1.0,4.0,,7.0,,6.0,38.0,7.0,3.0,15.0,20.0,86.0,13.0,16.0,0.0,2.0,95.0,24931.0
2020-09-15,29223,29223,152.0,0.0,,,,,,,,,,,Missouri,Wayne,759.2113,37.111073,-90.45393,22.0,44448.0,26.0,47.0,34391.0,0.0,1.0,0.0,0.0,0.0,17.0,73.0,1.0,0.0,0.0,7.0,,5.0,,6.0,37.0,8.0,3.0,16.0,21.0,85.0,14.0,15.0,0.0,2.0,96.0,13308.0
2020-09-15,29225,29225,427.0,2.0,,,,,,,,,,,Missouri,Webster,592.5833,37.280803999999996,-92.876076,15.0,59684.0,27.0,37.0,47421.0,0.0,2.0,0.0,0.0,1.0,12.0,80.0,1.0,0.0,2.0,2.0,,7.0,,10.0,38.0,5.0,6.0,7.0,24.0,84.0,15.0,12.0,0.0,1.0,95.0,38082.0
2020-09-15,29227,29227,18.0,0.0,,,,,,,,,,,Missouri,Worth,266.6377,40.4805,-94.4192,24.0,56750.0,32.0,47.0,52500.0,0.0,0.0,0.0,0.0,0.0,10.0,77.0,1.0,0.0,5.0,5.0,,5.0,,12.0,42.0,5.0,5.0,7.0,22.0,93.0,6.0,8.0,0.0,2.0,97.0,2040.0
2020-09-15,29229,29229,165.0,0.0,,,,,,,,,,,Missouri,Wright,681.79785,37.26763,-92.47999,19.0,48630.0,28.0,42.0,32752.0,0.0,1.0,0.0,0.0,0.0,10.0,77.0,1.0,0.0,4.0,5.0,,6.0,,7.0,44.0,8.0,4.0,10.0,18.0,81.0,18.0,19.0,1.0,1.0,96.0,18293.0
2020-09-15,29510,29510,6534.0,196.0,,,,,,,,,,,Missouri,St. Louis City,61.745674,38.6357,-90.24458,12.9,62177.5,24.65,35.7,42498.0,3.3,4.05,0.1,0.05,45.7,6.75,72.1,1.45,9.55,5.0,3.65,6.4,6.0,20.9,19.0,23.3,2.9,15.6,8.75,21.25,88.8,10.7,17.5,0.95,2.35,46.55,307055.5
